Cluster,PCA1,PCA2
0,-0.3131453830455593,-0.01583802504506448
1,-2.2993913813875175,41.88159737190377
2,15.201537569432727,1.5546239618970683
3,1.031576152785449,-0.06077665134342275
